case,level
baseline,4007592.4420750774
policy,812753.596055284
