case,level
baseline,4007592.4420750774
policy,629173.1789190555
