case,level
baseline,4007592.4420750774
policy,-294479.3062438569
