case,level
baseline,4007592.4420750774
policy,3466324.879119966
