case,level
baseline,4007592.4420750774
policy,7722280.840414282
