case,level
baseline,4007592.4420750774
policy,-677790.6531217805
