case,level
baseline,4007592.4420750774
policy,203392.62331234477
