case,level
baseline,4007592.4420750774
policy,-694756.5827086556
