case,level
baseline,4007592.4420750774
policy,542074.4243280734
