case,level
baseline,4007592.4420750774
policy,807975.1012071474
