case,level
baseline,4007592.4420750774
policy,-390638.032640941
