case,level
baseline,4007592.4420750774
policy,-748987.9607292766
