case,level
baseline,4007592.4420750774
policy,11512737.836562896
