case,level
baseline,4007592.4420750774
policy,189829.69699532876
