case,level
baseline,4007592.4420750774
policy,3476175.7763371933
