case,level
baseline,4007592.4420750774
policy,-755119.1509987726
