case,level
baseline,4007592.4420750774
policy,-267169.9132756955
