case,level
baseline,4007592.4420750774
policy,-151762.85397546436
