case,level
baseline,4007592.4420750774
policy,145172.62419907504
