case,level
baseline,4007592.4420750774
policy,-390823.4934919907
