case,T,level
policy,T0058,37.727087719298254
policy,T0178,55.62855647668394
policy,T0298,37.727087719298254
policy,T0418,37.727087719298254
policy,T0538,35.139359223300964
policy,T0658,37.727087719298254
policy,T0778,35.139359223300964
policy,T0898,35.139359223300964
policy,T1018,44.61894892719485
policy,T1138,37.727087719298254
policy,T1258,35.139359223300964
policy,T1378,37.727087719298254
policy,T1498,51.942779204056535
policy,T1618,35.139359223300964
policy,T1738,37.727087719298254
policy,T1858,34.07246887931137
policy,T1978,53.305956476683946
policy,T2098,14.57635647668394
policy,T2218,35.139359223300964
policy,T2338,35.139359223300964
policy,T2458,27.58111129333413
policy,T2578,29.78875695896598
policy,T2698,35.139359223300964
policy,T2818,20.863056476683944
policy,T2938,32.63775647668394
policy,T3058,26.09782717807943
policy,T3178,35.139359223300964
policy,T3298,29.421560655737714
policy,T3418,23.671422135622603
policy,T3538,4.55638084011105
policy,T3658,20.70276341959244
policy,T3778,21.872060655737723
policy,T3898,18.227118211382102
policy,T4018,13.478842105263158
policy,T4138,4.8928182113820995
policy,T4258,0.223
policy,T4378,3.8627133801502467
policy,T4498,22.76061045730322
policy,T4618,16.27673477715273
policy,T4738,4.853918989830053
policy,T4858,3.43021957878306
policy,T4978,0.223
policy,T5098,19.624618211382103
policy,T5218,3.43021957878306
policy,T5338,0.001
policy,T5458,0.223
policy,T5578,0.001
policy,T5698,15.543918211382106
policy,T5818,10.547318211382105
policy,T5938,14.911818211382105
policy,T6058,9.137338688489312
policy,T6178,11.639518211382104
policy,T6298,33.55977334589629
policy,T6418,5.361043084613989
policy,T6538,13.478842105263158
policy,T6658,35.139359223300964
policy,T6778,21.847956476683947
policy,T6898,38.71064563100025
policy,T7018,38.084502586704545
policy,T7138,11.827456476683942
policy,T7258,35.139359223300964
policy,T7378,37.727087719298254
policy,T7498,37.727087719298254
policy,T7618,37.30255647668394
policy,T7738,35.139359223300964
policy,T7858,44.60806065573772
policy,T7978,42.90418724770845
policy,T8098,48.19774876360041
policy,T8218,37.96517920405653
policy,T8338,35.50408771929827
policy,T8458,56.75065647668394
policy,T8578,45.94125647668395
policy,T8698,101.01557920405654
