case,level
baseline,4007592.4420750774
policy,479820.14410811244
